0.0,0.4955
100.0,0.49486
200.0,0.50299
300.0,0.50162
400.0,0.48014
500.0,0.54692
600.0,0.5225
700.0,0.48469
800.0,0.40911
900.0,0.45217
1000.0,0.49631
1100.0,0.5627
1200.0,0.44401
1300.0,0.53511
1400.0,0.40044
1500.0,0.51477
1600.0,0.3246
1700.0,0.69664
1800.0,0.6133
1900.0,0.74239
2000.0,0.78712
2100.0,0.61798
2200.0,1.16346
2300.0,1.06845
2400.0,0.61568
2500.0,0.61457
2600.0,0.67332
2700.0,0.7008
2800.0,0.61999
2900.0,-0.17154
3000.0,-0.43146
3100.0,-0.22395
3200.0,-0.07558
3300.0,-0.01091
3400.0,0.16972
3500.0,0.21961
3600.0,-0.08106
3700.0,-0.12379
3800.0,0.14823
3900.0,0.21217
4000.0,0.1813
4100.0,0.12026
4200.0,0.13418
4300.0,-0.62694
4400.0,0.05411
4500.0,-0.0169
4600.0,-0.23708
4700.0,-0.09826
4800.0,-0.10488
4900.0,-0.07737
5000.0,0.23186
5100.0,0.13312
5200.0,0.09087
5300.0,0.01102
5400.0,0.1889
5500.0,0.13116
5600.0,0.3985
5700.0,-0.31759
5800.0,-0.23154
5900.0,-0.27709
6000.0,-0.01116
6100.0,0.36304
6200.0,0.20463
6300.0,0.42034
6400.0,-0.1351
6500.0,-0.43235
6600.0,-0.25518
6700.0,0.07971
6800.0,-0.19602
6900.0,-0.31806
7000.0,-0.19059
7100.0,-0.1588
7200.0,-0.12823
7300.0,-0.27155
7400.0,-0.34523
7500.0,0.28483
7600.0,-0.4023
7700.0,-0.29638
7800.0,-0.34058
7900.0,-0.0585
8000.0,-0.48714
8100.0,0.0971
8200.0,-0.09568
8300.0,-0.2133
8400.0,-0.30135
8500.0,-0.33205
8600.0,-0.27933
8700.0,-0.12267
8800.0,0.177
8900.0,-0.2659
9000.0,-0.3011
9100.0,-0.59076
9200.0,-0.36061
9300.0,-0.70677
9400.0,-0.35979
9500.0,-0.40378
9600.0,-0.51128
9700.0,-0.26243
9800.0,-0.16902
9900.0,-0.15145
10000.0,-0.41211
10100.0,-0.44402
10200.0,-0.61742
10300.0,-0.51888
10400.0,-0.80925
10500.0,-0.4815
10600.0,-0.0761
10700.0,-0.34456
10800.0,-0.40381
10900.0,-0.45829
11000.0,-0.22248
11100.0,-0.5166
11200.0,-0.36001
11300.0,-0.39082
11400.0,-0.04902
11500.0,-0.25105
11600.0,-0.25605
11700.0,-0.21305
11800.0,-0.06759
11900.0,-0.15941
12000.0,0.05858
12100.0,0.06816
12200.0,-0.41072
12300.0,-0.04776
12400.0,-0.07818
12500.0,-0.08163
12600.0,-0.29266
12700.0,-0.28598
12800.0,-0.2584
12900.0,-0.05773
13000.0,0.24093
13100.0,-0.13731
13200.0,-0.63551
13300.0,-0.41724
13400.0,-0.04432
13500.0,-0.2857
13600.0,-0.31639
13700.0,0.39869
13800.0,-0.16194
13900.0,0.04962
14000.0,0.13075
14100.0,-0.04
14200.0,-0.39205
14300.0,-0.11084
14400.0,0.00795
14500.0,-0.44599
14600.0,-0.18055
14700.0,-0.43062
14800.0,-0.50846
14900.0,-0.35407
15000.0,-0.37352
15100.0,-0.72856
15200.0,-0.47241
15300.0,-0.50403
15400.0,-0.35308
15500.0,-0.33725
15600.0,-0.48683
15700.0,-0.4098
15800.0,-0.71425
15900.0,-0.51325
16000.0,-0.38667
16100.0,-0.20256
16200.0,-0.28596
16300.0,-0.35286
16400.0,-0.40596
16500.0,-0.32849
16600.0,-0.3614
16700.0,-0.19937
16800.0,-0.05144
16900.0,-0.07991
17000.0,-0.09493
17100.0,-0.50831
17200.0,-0.40182
17300.0,0.00249
17400.0,-0.29434
17500.0,-0.3154
17600.0,-0.00281
17700.0,-0.53412
17800.0,-0.22872
17900.0,-0.60546
18000.0,-0.46284
18100.0,-0.3064
18200.0,-0.52255
18300.0,-0.36025
18400.0,-0.51632
18500.0,-0.47804
18600.0,-0.69414
18700.0,-0.6137
18800.0,-0.5389
18900.0,-0.49113
19000.0,-0.26482
19100.0,-0.31856
19200.0,-0.37181
19300.0,-0.114
19400.0,-0.51556
19500.0,-0.55563
19600.0,-0.48784
19700.0,-0.55775
19800.0,-0.30353
19900.0,-0.60832
20000.0,-0.43305
20100.0,-0.25276
20200.0,-0.55235
20300.0,-0.89996
20400.0,-0.0666
20500.0,-0.15669
20600.0,0.03225
20700.0,-0.22945
20800.0,-0.4081
20900.0,-0.29386
21000.0,-0.4467
21100.0,-0.58758
21200.0,0.0717
21300.0,-0.23392
21400.0,-0.29527
21500.0,-0.23991
21600.0,-0.55048
21700.0,-0.6111
21800.0,-0.43112
21900.0,-0.19802
22000.0,-0.29251
22100.0,-0.33825
22200.0,-0.18241
22300.0,-0.5521
22400.0,-0.30134
22500.0,-0.11942
22600.0,-0.63308
22700.0,-0.32626
22800.0,-0.54735
22900.0,-0.352
23000.0,-0.81681
23100.0,-0.74913
23200.0,-0.33522
23300.0,-0.72852
23400.0,-0.26111
23500.0,-0.42367
23600.0,-0.2247
23700.0,-0.58794
23800.0,-0.54646
23900.0,-0.6115
24000.0,-0.5665
24100.0,-0.48381
24200.0,-0.53607
24300.0,-0.61882
24400.0,-0.3045
24500.0,-0.41868
24600.0,-0.81538
24700.0,-0.49302
24800.0,-0.36653
24900.0,-0.65568
25000.0,-0.40952
25100.0,-0.26413
25200.0,-0.53666
25300.0,-0.62026
25400.0,-0.41038
25500.0,-0.3153
25600.0,-0.18512
25700.0,-0.13017
25800.0,-0.51507
25900.0,-0.20352
26000.0,-0.20992
26100.0,-0.38823
26200.0,-0.65148
26300.0,-0.47017
26400.0,-0.39953
26500.0,-0.29013
26600.0,-0.1712
26700.0,-0.27824
26800.0,-0.39179
26900.0,-0.66143
27000.0,-0.75588
27100.0,-0.57851
27200.0,-0.37553
27300.0,-0.31516
27400.0,-0.66446
27500.0,-0.51365
27600.0,-0.32233
27700.0,-0.19827
27800.0,-0.1965
27900.0,-0.32848
28000.0,-0.20105
28100.0,-0.34274
28200.0,-0.35033
28300.0,-0.36587
28400.0,-0.54989
28500.0,-0.32887
28600.0,-0.38806
28700.0,-0.36829
28800.0,-0.39271
28900.0,-0.02267
29000.0,-0.35505
29100.0,-0.30151
29200.0,-0.5289
29300.0,-0.12714
29400.0,-0.45431
29500.0,-0.49705
29600.0,-0.60689
29700.0,-0.55986
29800.0,-0.81772
29900.0,-0.87352
30000.0,-0.80787
30100.0,-0.68911
30200.0,-0.40996
30300.0,-0.44398
30400.0,-0.58977
30500.0,-0.48768
30600.0,-0.42376
30700.0,-0.475
30800.0,-0.36309
30900.0,-0.57897
31000.0,-0.24585
31100.0,-0.28532
31200.0,-0.30649
31300.0,-0.38548
31400.0,-0.2468
31500.0,-0.48416
31600.0,-0.28967
31700.0,-0.407
31800.0,-0.29544
31900.0,-0.30702
32000.0,-0.51143
32100.0,-0.39493
32200.0,-0.37684
32300.0,-0.71709
32400.0,-0.54994
32500.0,-0.47148
32600.0,-0.36124
32700.0,-0.45905
32800.0,-0.51782
32900.0,-0.42449
33000.0,-0.49018
33100.0,-0.51723
33200.0,-0.60537
33300.0,-0.62046
33400.0,-0.33384
33500.0,-0.40109
33600.0,-0.18246
33700.0,-0.4899
33800.0,-0.46521
33900.0,-0.18996
34000.0,-0.61857
34100.0,-0.61169
34200.0,-0.5008
34300.0,-0.75804
34400.0,-0.31621
34500.0,-0.2456
34600.0,-0.50332
34700.0,-0.56022
34800.0,-0.34822
34900.0,-0.42265
35000.0,-0.34682
35100.0,-0.25686
35200.0,-0.23021
35300.0,-0.37586
35400.0,-0.23562
35500.0,-0.34623
35600.0,-0.54276
35700.0,-0.27104
35800.0,-0.46152
35900.0,-0.23114
36000.0,-0.22807
36100.0,-0.36955
36200.0,-0.3096
36300.0,-0.38441
36400.0,-0.27558
36500.0,-0.35093
36600.0,-0.39178
36700.0,-0.45444
36800.0,-0.61084
36900.0,-0.5575
37000.0,-0.3727
37100.0,-0.5638
37200.0,-0.78676
37300.0,-0.72524
37400.0,-0.63557
37500.0,-0.59758
37600.0,-0.37641
37700.0,-0.55842
37800.0,-0.53914
37900.0,-0.40816
38000.0,-0.3652
38100.0,-0.38939
38200.0,-0.39883
38300.0,-0.4489
38400.0,-0.49943
38500.0,-0.34151
38600.0,-0.58565
38700.0,-0.48592
38800.0,-0.63758
38900.0,-0.24856
39000.0,-0.39083
39100.0,-0.39208
39200.0,-0.61611
39300.0,-0.30758
39400.0,-0.28977
39500.0,-0.42622
39600.0,-0.1588
39700.0,-0.15011
39800.0,-0.36926
39900.0,-0.82192
40000.0,-0.50625
40100.0,-0.71183
40200.0,-0.50982
40300.0,-0.64626
40400.0,-0.33914
40500.0,-0.40161
40600.0,-0.33472
40700.0,-0.55879
40800.0,-0.46084
40900.0,-0.46963
41000.0,-0.3382
41100.0,-0.75174
41200.0,-0.44711
41300.0,-0.60922
41400.0,-0.56093
41500.0,-0.42828
41600.0,-0.67908
41700.0,-0.56121
41800.0,-0.63385
41900.0,-0.63036
42000.0,-0.74331
42100.0,-0.15183
42200.0,-0.81048
42300.0,-0.55979
42400.0,-0.72631
42500.0,-0.52731
42600.0,-0.44509
42700.0,-0.52023
42800.0,-0.80075
42900.0,-0.61137
43000.0,-0.34086
43100.0,-0.57149
43200.0,-0.44262
43300.0,-0.45107
43400.0,-0.76439
43500.0,-0.45839
43600.0,-0.31664
43700.0,-0.60667
43800.0,-0.51511
43900.0,-0.44308
44000.0,-0.65191
44100.0,-0.57557
44200.0,-0.62351
44300.0,-0.81965
44400.0,-0.77276
44500.0,-0.57159
44600.0,-0.46499
44700.0,-0.37293
44800.0,-0.60622
44900.0,-0.64897
45000.0,-0.4746
45100.0,-0.3059
45200.0,-0.22528
45300.0,-0.39784
45400.0,-0.40439
45500.0,-0.39307
45600.0,-0.50572
45700.0,-0.40631
45800.0,-0.12573
45900.0,-0.12978
46000.0,-0.29698
46100.0,-0.54261
46200.0,-0.61298
46300.0,-0.57264
46400.0,-0.6028
46500.0,-0.55597
46600.0,-0.51764
46700.0,-0.46605
46800.0,-0.74849
46900.0,-0.83259
47000.0,-0.43138
47100.0,-0.58573
47200.0,-0.18933
47300.0,-0.46302
47400.0,-0.66879
47500.0,-0.69045
47600.0,-0.40817
47700.0,-0.41213
47800.0,-0.59029
47900.0,-0.56815
48000.0,-0.66369
48100.0,-0.74005
48200.0,-0.50611
48300.0,-0.41313
48400.0,-0.4372
48500.0,-0.66933
48600.0,-0.29269
48700.0,-0.35415
48800.0,-0.37716
48900.0,-0.35039
49000.0,-0.37858
49100.0,-0.50164
49200.0,-0.33638
49300.0,-0.36758
49400.0,-0.52147
49500.0,-0.52127
49600.0,-0.58118
49700.0,-0.53683
49800.0,-0.57002
49900.0,-0.48363
50000.0,-0.59546
50100.0,-0.16269
50200.0,-0.52408
50300.0,-0.62305
50400.0,-0.55758
50500.0,-0.76708
50600.0,-0.55557
50700.0,-0.54516
50800.0,-0.51633
50900.0,-0.58846
51000.0,-0.57524
51100.0,-0.24877
51200.0,-0.65041
51300.0,-0.51569
51400.0,-0.69586
51500.0,-0.28625
51600.0,-0.72469
51700.0,-0.51491
51800.0,-0.70431
51900.0,-0.49055
52000.0,-0.59206
52100.0,-0.40513
52200.0,-0.14197
52300.0,-0.81034
52400.0,-0.56339
52500.0,-0.45021
52600.0,-0.49915
52700.0,-0.45754
52800.0,-0.46862
52900.0,-0.83777
53000.0,-0.62438
53100.0,-0.5082
53200.0,-0.61665
53300.0,-0.69241
53400.0,-0.53721
53500.0,-0.42861
53600.0,-0.58995
53700.0,-0.65056
53800.0,-0.42231
53900.0,-0.45563
54000.0,-0.47149
54100.0,-0.75954
54200.0,-0.63534
54300.0,-0.27254
54400.0,-0.52924
54500.0,-0.49331
54600.0,-0.34582
54700.0,-0.51036
54800.0,-0.51747
54900.0,-0.61411
55000.0,-0.41983
55100.0,-0.55095
55200.0,-0.18006
55300.0,-0.31893
55400.0,0.07483
55500.0,-0.46911
55600.0,-0.35479
55700.0,-0.52472
55800.0,-0.39802
55900.0,-0.39525
56000.0,-0.31822
56100.0,-0.43772
56200.0,-0.54777
56300.0,-0.36269
56400.0,-0.40121
56500.0,-0.60865
56600.0,-0.11684
56700.0,-0.39944
56800.0,-0.04106
56900.0,-0.13146
57000.0,-0.41376
57100.0,-0.19855
57200.0,-0.15931
57300.0,-0.3
57400.0,-0.09913
57500.0,-0.34482
57600.0,-0.32061
57700.0,-0.44571
57800.0,-0.38326
57900.0,-0.33471
58000.0,-0.41361
58100.0,-0.62712
58200.0,-0.52019
58300.0,-0.23779
58400.0,-0.24035
58500.0,-0.39367
58600.0,-0.45413
58700.0,-0.22357
58800.0,-0.48355
58900.0,-0.57541
59000.0,-0.21136
59100.0,-0.31056
59200.0,-0.3202
59300.0,-0.05216
59400.0,-0.06221
59500.0,-0.48535
59600.0,-0.72888
59700.0,-0.70616
59800.0,0.16221
59900.0,-0.23282
60000.0,-0.15323
60100.0,-0.30556
60200.0,-0.21712
60300.0,-0.0462
60400.0,-0.26143
60500.0,-0.20243
60600.0,-0.54422
60700.0,-0.57909
60800.0,-0.50505
60900.0,-0.14966
61000.0,-0.28076
61100.0,0.07078
61200.0,-0.34022
61300.0,-0.23543
61400.0,-0.32049
61500.0,-0.3442
61600.0,-0.53849
61700.0,-0.21742
61800.0,0.17465
61900.0,0.46347
62000.0,0.11323
62100.0,-0.01766
62200.0,0.32988
62300.0,0.30763
62400.0,0.0856
62500.0,-0.04722
62600.0,-0.26817
62700.0,0.08859
62800.0,0.1232
62900.0,0.24747
63000.0,-0.44596
63100.0,-0.13026
63200.0,-0.22727
63300.0,-0.32232
63400.0,0.08773
63500.0,-0.12401
63600.0,0.09246
63700.0,-0.27126
63800.0,-0.10854
63900.0,-0.36767
64000.0,0.09365
64100.0,-0.32476
64200.0,0.06031
64300.0,-0.13702
64400.0,0.24674
64500.0,0.46081
64600.0,0.72263
64700.0,0.56251
64800.0,0.9832
64900.0,0.67934
65000.0,0.44726
65100.0,0.47087
65200.0,0.49605
65300.0,0.57421
65400.0,0.44397
65500.0,0.36975
65600.0,0.68974
65700.0,0.76518
65800.0,0.30467
65900.0,0.69029
66000.0,0.6602
66100.0,0.61012
66200.0,0.74896
66300.0,0.57965
66400.0,0.29468
66500.0,0.66036
66600.0,0.59349
66700.0,0.49459
66800.0,0.53547
66900.0,0.78725
67000.0,1.01134
67100.0,0.56217
67200.0,0.46784
67300.0,0.42641
67400.0,0.344
67500.0,0.34702
67600.0,0.80335
67700.0,0.59271
67800.0,0.56824
67900.0,0.48292
68000.0,0.53762
68100.0,0.39056
68200.0,0.2979
68300.0,0.20059
68400.0,0.3146
68500.0,0.69817
68600.0,0.59161
68700.0,0.75421
68800.0,0.44257
68900.0,1.0452
69000.0,0.59074
69100.0,0.2581
69200.0,0.15548
69300.0,0.37998
69400.0,0.5744
69500.0,0.31986
69600.0,0.48527
69700.0,0.5182
69800.0,0.72062
69900.0,0.54317
70000.0,0.46439
70100.0,0.66676
70200.0,0.27963
70300.0,0.61325
70400.0,0.55692
70500.0,0.45148
70600.0,0.76234
70700.0,0.78096
70800.0,0.74958
70900.0,0.6188
71000.0,0.63336
71100.0,0.42108
71200.0,0.50583
71300.0,0.41941
71400.0,0.45347
71500.0,0.03718
71600.0,0.20151
71700.0,0.78918
71800.0,0.46923
71900.0,0.76516
72000.0,0.6273
72100.0,0.74973
72200.0,0.60351
72300.0,0.42012
72400.0,0.77037
72500.0,1.04078
72600.0,0.43963
72700.0,0.88168
72800.0,0.62077
72900.0,0.21833
73000.0,0.75941
73100.0,0.84367
73200.0,0.3325
73300.0,0.55829
73400.0,0.6921
73500.0,0.5791
73600.0,0.60413
73700.0,0.63685
73800.0,0.78333
73900.0,0.64233
74000.0,0.38834
74100.0,0.67236
74200.0,0.54984
74300.0,0.75184
74400.0,0.68171
74500.0,0.82256
74600.0,0.68186
74700.0,0.44212
74800.0,0.42807
74900.0,0.53906
75000.0,0.79542
75100.0,0.60501
75200.0,0.14764
75300.0,0.34151
75400.0,0.58637
75500.0,0.63015
75600.0,0.22972
75700.0,0.41616
75800.0,0.82205
75900.0,0.6375
76000.0,0.57282
76100.0,0.37414
76200.0,0.33804
76300.0,0.90445
76400.0,0.32225
76500.0,0.68537
76600.0,0.44517
76700.0,0.51242
76800.0,0.58795
76900.0,0.50739
77000.0,0.69193
77100.0,0.17455
77200.0,0.52284
77300.0,0.77018
77400.0,0.58949
77500.0,0.353
77600.0,0.54882
77700.0,0.37492
77800.0,0.71113
77900.0,0.8549
78000.0,0.58701
78100.0,0.65865
78200.0,0.45781
78300.0,0.71419
78400.0,0.61914
78500.0,0.52459
78600.0,0.53771
78700.0,0.79194
78800.0,0.72256
78900.0,0.95985
79000.0,0.67717
79100.0,0.50825
79200.0,0.81013
79300.0,0.78614
79400.0,0.60455
79500.0,0.42527
79600.0,0.69207
79700.0,0.85187
79800.0,0.54384
79900.0,0.66492
80000.0,0.44597
80100.0,0.80601
80200.0,1.10289
80300.0,0.62509
80400.0,0.56945
80500.0,0.75595
80600.0,0.72757
80700.0,0.47553
80800.0,0.58781
80900.0,0.70382
81000.0,0.59598
81100.0,0.82435
81200.0,0.83263
81300.0,0.61667
81400.0,0.43223
81500.0,0.75537
81600.0,0.7729
81700.0,0.68377
81800.0,0.37337
81900.0,0.68122
82000.0,0.59205
82100.0,0.38666
82200.0,0.53285
82300.0,0.78482
82400.0,0.93628
82500.0,1.05179
82600.0,0.96421
82700.0,0.71101
82800.0,0.84901
82900.0,0.88449
83000.0,0.67631
83100.0,1.06982
83200.0,0.9742
83300.0,0.62039
83400.0,0.52444
83500.0,0.76315
83600.0,0.3467
83700.0,0.49406
83800.0,0.80552
83900.0,0.63335
84000.0,0.62501
84100.0,0.76657
84200.0,0.92842
84300.0,0.79083
84400.0,1.05159
84500.0,0.81297
84600.0,0.63819
84700.0,0.63883
84800.0,0.46679
84900.0,0.97458
85000.0,0.82388
85100.0,0.57433
85200.0,0.97946
85300.0,0.74886
85400.0,0.81966
85500.0,0.50476
85600.0,0.65094
85700.0,0.77304
85800.0,0.71931
85900.0,0.69575
86000.0,0.5866
86100.0,0.62031
86200.0,0.63681
86300.0,0.55725
86400.0,0.73392
86500.0,0.95278
86600.0,0.90661
86700.0,0.75278
86800.0,0.66341
86900.0,0.66083
87000.0,0.6325
87100.0,0.52953
87200.0,0.64923
87300.0,0.81673
87400.0,0.52787
87500.0,0.5406
87600.0,0.7652
87700.0,0.54938
87800.0,0.85637
87900.0,0.56108
88000.0,0.64439
88100.0,0.54538
88200.0,0.59216
88300.0,0.64967
88400.0,0.93685
88500.0,0.74947
88600.0,0.59711
88700.0,0.35413
88800.0,0.44095
88900.0,0.46397
89000.0,0.54835
89100.0,0.75054
89200.0,0.56806
89300.0,0.8484
89400.0,0.82834
89500.0,0.60741
89600.0,0.1842
89700.0,0.55317
89800.0,0.35441
89900.0,0.60316
90000.0,0.70662
90100.0,1.0489
90200.0,0.91312
90300.0,0.85877
90400.0,0.53113
90500.0,1.05062
90600.0,0.363
90700.0,0.7436
90800.0,0.51303
90900.0,0.6859
91000.0,0.55
91100.0,0.71044
91200.0,0.7632
91300.0,0.74337
91400.0,0.69667
91500.0,0.54807
91600.0,0.79921
91700.0,0.71484
91800.0,0.86424
91900.0,0.53995
92000.0,0.6648
92100.0,0.1852
92200.0,0.34888
92300.0,0.35975
92400.0,0.49879
92500.0,0.66585
92600.0,0.52916
92700.0,0.5103
92800.0,0.63676
92900.0,0.43822
93000.0,0.51375
93100.0,0.62304
93200.0,0.41576
93300.0,0.37167
93400.0,0.5861
93500.0,0.34597
93600.0,0.51212
93700.0,0.36052
93800.0,0.78001
93900.0,0.53522
94000.0,0.60442
94100.0,0.53562
94200.0,0.38929
94300.0,0.27588
94400.0,0.68183
94500.0,0.57342
94600.0,0.59828
94700.0,0.73213
94800.0,0.66381
94900.0,0.65638
95000.0,0.56439
95100.0,0.51889
95200.0,0.27583
95300.0,0.59558
95400.0,0.64907
95500.0,0.62105
95600.0,0.89578
95700.0,0.52033
95800.0,0.43186
95900.0,0.78974
96000.0,0.68176
96100.0,0.46906
96200.0,0.91834
96300.0,0.96263
96400.0,0.42293
96500.0,0.77408
96600.0,0.91007
96700.0,0.51916
96800.0,0.67936
96900.0,0.72287
97000.0,0.49692
97100.0,0.83786
97200.0,0.65089
97300.0,0.80465
97400.0,0.57747
97500.0,0.8718
97600.0,0.72198
97700.0,0.49871
97800.0,0.91772
97900.0,0.71754
98000.0,1.0587
98100.0,0.69835
98200.0,0.70744
98300.0,0.59448
98400.0,0.53167
98500.0,0.50135
98600.0,0.57838
98700.0,0.61895
98800.0,0.83321
98900.0,0.71346
99000.0,0.81113
99100.0,0.64358
99200.0,0.49495
99300.0,0.66545
99400.0,0.57645
99500.0,0.51811
99600.0,0.76768
99700.0,0.47293
99800.0,0.56729
99900.0,0.5592
100000.0,0.54412
100100.0,0.7858
100200.0,0.5928
100300.0,0.6426
100400.0,0.80935
100500.0,0.61363
100600.0,0.80519
100700.0,0.9255
100800.0,0.66721
100900.0,0.33333
101000.0,0.73337
101100.0,0.88489
101200.0,1.03516
101300.0,1.41373
101400.0,0.77208
101500.0,1.38166
101600.0,0.55721
101700.0,0.85644
101800.0,1.01784
101900.0,0.97618
102000.0,0.77279
102100.0,0.6125
102200.0,0.80642
102300.0,0.55651
102400.0,0.59242
102500.0,0.56293
102600.0,0.73317
102700.0,0.80592
102800.0,0.41454
102900.0,0.58676
103000.0,0.61012
103100.0,0.68665
103200.0,0.38568
103300.0,0.44211
103400.0,0.51684
103500.0,0.67689
103600.0,0.42405
103700.0,0.37367
103800.0,0.54232
103900.0,0.70462
104000.0,0.88639
104100.0,0.56384
104200.0,0.58984
104300.0,0.47684
104400.0,0.81818
104500.0,0.73043
104600.0,0.33684
104700.0,0.64909
104800.0,0.78977
104900.0,0.71377
105000.0,0.8409
105100.0,0.4251
105200.0,0.66669
105300.0,0.89402
105400.0,0.58587
105500.0,0.86636
105600.0,0.30275
105700.0,0.6793
105800.0,0.86824
105900.0,0.71086
106000.0,0.70707
106100.0,0.6293
106200.0,0.40276
106300.0,0.70689
106400.0,0.71629
106500.0,0.57099
106600.0,0.70266
106700.0,0.76404
106800.0,0.78953
106900.0,0.60425
107000.0,0.66836
107100.0,0.59468
107200.0,0.82801
107300.0,1.036
107400.0,0.78226
107500.0,0.94213
107600.0,0.36226
107700.0,0.67824
107800.0,0.86947
107900.0,0.69072
108000.0,0.67289
108100.0,0.77394
108200.0,0.72289
108300.0,0.53182
108400.0,0.74871
108500.0,0.41159
108600.0,0.95017
108700.0,0.49148
108800.0,0.57759
108900.0,0.79618
109000.0,0.3609
109100.0,0.32916
109200.0,0.48838
109300.0,0.89333
109400.0,0.72581
109500.0,0.79683
109600.0,0.5065
109700.0,0.79157
109800.0,0.67545
109900.0,1.05817
110000.0,0.91404
110100.0,0.94128
110200.0,0.93357
110300.0,0.69887
110400.0,0.71024
110500.0,0.58496
110600.0,0.41725
110700.0,0.74425
110800.0,0.6644
110900.0,0.45992
111000.0,0.56388
111100.0,0.53151
111200.0,0.55966
111300.0,0.58386
111400.0,0.68734
111500.0,0.49322
111600.0,0.83494
111700.0,0.73803
111800.0,0.70451
111900.0,0.39473
112000.0,0.34848
112100.0,0.49737
112200.0,0.38212
112300.0,0.619
112400.0,0.41881
112500.0,0.86552
112600.0,0.73617
112700.0,0.62896
112800.0,0.50371
112900.0,0.32585
113000.0,0.50988
113100.0,0.56898
113200.0,0.64171
113300.0,0.2868
113400.0,-0.05134
113500.0,0.45537
113600.0,0.27941
113700.0,0.85076
113800.0,0.61107
113900.0,0.89662
114000.0,0.64899
114100.0,0.7026
114200.0,0.60415
114300.0,1.05005
114400.0,0.75948
114500.0,0.71687
114600.0,0.83354
114700.0,0.66805
114800.0,0.86093
114900.0,0.59848
115000.0,0.83371
115100.0,0.53766
115200.0,0.7339
115300.0,0.54279
115400.0,0.23683
115500.0,0.80307
115600.0,0.45772
115700.0,0.86769
115800.0,0.94411
115900.0,0.59495
116000.0,0.58739
116100.0,0.50557
116200.0,1.05546
116300.0,0.67575
116400.0,1.09882
116500.0,0.62719
116600.0,0.62485
116700.0,0.98615
116800.0,0.47219
116900.0,0.38513
117000.0,0.52791
117100.0,0.44728
117200.0,0.76547
117300.0,0.84397
117400.0,0.84433
117500.0,1.03112
117600.0,0.7094
117700.0,1.02599
117800.0,0.77093
117900.0,0.63105
118000.0,0.59443
118100.0,0.67101
118200.0,0.68625
118300.0,0.44075
118400.0,0.65474
118500.0,0.78371
118600.0,0.97295
118700.0,0.92612
118800.0,0.77956
118900.0,0.85733
119000.0,0.89987
119100.0,0.75729
119200.0,0.83546
119300.0,0.77404
119400.0,0.74788
119500.0,1.04185
119600.0,0.90766
119700.0,0.84525
119800.0,1.21851
119900.0,0.88297
120000.0,0.68077
120100.0,0.74866
120200.0,0.65991
120300.0,0.59165
120400.0,0.57219
120500.0,0.68985
120600.0,0.70537
120700.0,0.7385
120800.0,0.78399
120900.0,0.85506
121000.0,0.48562
121100.0,0.85815
121200.0,0.78192
121300.0,0.68937
121400.0,0.76143
121500.0,0.48449
121600.0,0.69198
121700.0,0.78054
121800.0,0.55731
121900.0,0.88019
122000.0,0.4493
122100.0,0.75743
122200.0,0.89762
122300.0,0.74545
122400.0,0.65147
122500.0,0.71293
122600.0,0.84226
122700.0,0.54665
122800.0,0.72489
122900.0,0.81289
123000.0,0.56239
123100.0,0.27716
123200.0,0.68923
123300.0,0.84843
123400.0,0.78894
123500.0,0.94443
123600.0,0.69839
123700.0,0.89848
123800.0,0.7636
123900.0,0.78613
124000.0,0.78174
124100.0,0.69813
124200.0,0.705
124300.0,0.62451
124400.0,0.83025
124500.0,0.34444
124600.0,0.63812
124700.0,0.76239
124800.0,1.02505
124900.0,1.10776
125000.0,0.89554
125100.0,0.64951
125200.0,0.66929
125300.0,0.96522
125400.0,0.42229
125500.0,0.78495
125600.0,0.61382
125700.0,1.04227
125800.0,0.7976
125900.0,0.37123
126000.0,0.69961
126100.0,0.49913
126200.0,0.18956
126300.0,0.63701
126400.0,0.70987
126500.0,0.78303
126600.0,0.47512
126700.0,0.69694
126800.0,0.69603
126900.0,0.88085
127000.0,0.76247
127100.0,0.89414
127200.0,0.64288
127300.0,0.62085
127400.0,0.31826
127500.0,0.99881
127600.0,0.61191
127700.0,0.37352
127800.0,0.98141
127900.0,0.86273
128000.0,0.83807
128100.0,0.93747
128200.0,0.31014
128300.0,0.94254
128400.0,0.73227
128500.0,0.52333
128600.0,0.56073
128700.0,1.05494
128800.0,0.97308
128900.0,0.83946
129000.0,0.59926
129100.0,0.75286
129200.0,0.65869
129300.0,0.86001
129400.0,0.59174
129500.0,0.65515
129600.0,0.87979
129700.0,0.95437
129800.0,1.14929
129900.0,1.17039
130000.0,0.7554
130100.0,0.96469
130200.0,0.51611
130300.0,0.69828
130400.0,0.78905
130500.0,0.86659
130600.0,0.90561
130700.0,0.76612
130800.0,1.20759
130900.0,0.93032
131000.0,0.75466
131100.0,0.74936
131200.0,0.49947
131300.0,0.71967
131400.0,0.49156
131500.0,0.36123
131600.0,0.63774
131700.0,0.45084
131800.0,0.5508
131900.0,1.04609
132000.0,1.01132
132100.0,0.92814
132200.0,0.72404
132300.0,0.58029
132400.0,1.12422
132500.0,0.90852
132600.0,0.74592
132700.0,0.64831
132800.0,0.67034
132900.0,0.35102
133000.0,0.93519
133100.0,0.5747
133200.0,0.79617
133300.0,0.58505
133400.0,0.60324
133500.0,0.74418
133600.0,0.85561
133700.0,0.79254
133800.0,1.07624
133900.0,0.68497
134000.0,0.57774
134100.0,0.50319
134200.0,0.65784
134300.0,0.7428
134400.0,0.97539
134500.0,0.68619
134600.0,0.88091
134700.0,0.49659
134800.0,0.72152
134900.0,0.87312
135000.0,0.68018
135100.0,0.45691
135200.0,0.67446
135300.0,0.59865
135400.0,0.91791
135500.0,0.57758
135600.0,0.5536
135700.0,0.57823
135800.0,0.54665
135900.0,0.63181
136000.0,0.79346
136100.0,0.54678
136200.0,0.37289
136300.0,0.31703
136400.0,0.58444
136500.0,0.57036
136600.0,0.42549
136700.0,0.58631
136800.0,0.44324
136900.0,0.60967
137000.0,0.46811
137100.0,0.67191
137200.0,0.55857
137300.0,0.59854
137400.0,0.72629
137500.0,0.96972
137600.0,0.9718
137700.0,0.57768
137800.0,0.63089
137900.0,0.52703
138000.0,0.4939
138100.0,0.68906
138200.0,0.77164
138300.0,0.72861
138400.0,0.59137
138500.0,0.88882
138600.0,0.94591
138700.0,0.50795
138800.0,0.48503
138900.0,0.62475
139000.0,0.65375
139100.0,0.414
139200.0,0.616
139300.0,0.3516
139400.0,0.60841
139500.0,0.34883
139600.0,0.82234
139700.0,0.67173
139800.0,0.7023
139900.0,0.26727
140000.0,0.43031
140100.0,0.40939
140200.0,0.3842
140300.0,0.69759
140400.0,0.60012
140500.0,0.71142
140600.0,0.77267
140700.0,0.66097
140800.0,0.48989
140900.0,0.74048
141000.0,0.71688
141100.0,0.7419
141200.0,0.53996
141300.0,0.63709
141400.0,0.6847
141500.0,0.80324
141600.0,0.47653
141700.0,0.65623
141800.0,0.66553
141900.0,0.2419
142000.0,0.59286
142100.0,0.6308
142200.0,0.38106
142300.0,0.44828
142400.0,0.61424
142500.0,0.73961
142600.0,0.44005
142700.0,0.49212
142800.0,0.75262
142900.0,0.5164
143000.0,0.56842
143100.0,0.72734
143200.0,0.5174
143300.0,0.65667
143400.0,0.44776
143500.0,0.40131
143600.0,0.30325
143700.0,0.48737
143800.0,0.38939
143900.0,0.51881
144000.0,0.38021
144100.0,0.52495
144200.0,0.66742
144300.0,0.53953
144400.0,0.27393
144500.0,0.55613
144600.0,0.51157
144700.0,0.47764
144800.0,0.72123
144900.0,0.51987
145000.0,0.62784
145100.0,0.89525
145200.0,0.94876
145300.0,0.28833
145400.0,0.58452
145500.0,0.353
145600.0,0.12151
145700.0,0.14892
145800.0,0.31445
145900.0,0.41091
146000.0,0.44562
146100.0,0.42419
146200.0,0.55867
146300.0,0.4982
146400.0,0.49025
146500.0,0.64424
146600.0,0.66714
146700.0,0.64517
146800.0,0.62286
146900.0,0.41333
147000.0,0.60425
147100.0,0.32865
147200.0,0.23158
147300.0,0.34021
147400.0,0.49088
147500.0,0.29606
147600.0,0.52748
147700.0,0.72782
147800.0,0.52309
147900.0,0.82311
148000.0,0.45189
148100.0,0.6043
148200.0,0.34821
148300.0,0.85135
148400.0,0.52769
148500.0,0.66143
148600.0,0.8406
148700.0,0.6266
148800.0,0.51964
148900.0,0.38795
149000.0,0.83412
149100.0,0.53652
149200.0,0.65956
149300.0,0.52307
149400.0,0.69339
149500.0,0.55366
149600.0,0.85253
149700.0,0.71854
149800.0,0.59022
149900.0,0.86352
150000.0,0.23325
150100.0,0.63389
150200.0,0.39679
150300.0,0.60958
150400.0,0.61998
150500.0,0.51368
150600.0,0.95698
150700.0,0.67421
150800.0,0.4611
150900.0,0.86777
151000.0,0.54789
151100.0,0.84172
151200.0,0.88265
151300.0,0.52972
151400.0,0.72025
151500.0,0.76555
151600.0,0.95307
151700.0,0.76019
151800.0,0.8147
151900.0,0.83539
152000.0,0.39982
152100.0,0.6092
152200.0,0.50253
152300.0,0.39071
152400.0,0.45736
152500.0,0.42689
152600.0,0.54977
152700.0,0.6232
152800.0,0.37932
152900.0,0.52048
153000.0,0.93269
153100.0,0.80271
153200.0,0.55021
153300.0,0.81536
153400.0,0.74699
153500.0,0.54698
153600.0,0.49261
153700.0,0.92274
153800.0,0.42414
153900.0,0.50048
154000.0,0.70998
154100.0,0.6121
154200.0,0.5121
154300.0,0.31335
154400.0,0.8177
154500.0,0.63804
154600.0,0.52204
154700.0,0.6157
154800.0,1.06855
154900.0,0.62137
155000.0,0.63226
155100.0,0.94897
155200.0,0.95707
155300.0,0.84425
155400.0,0.57438
155500.0,0.73636
155600.0,0.61967
155700.0,0.82273
155800.0,0.5939
155900.0,0.80644
156000.0,0.44306
156100.0,0.79409
156200.0,0.49794
156300.0,0.52569
156400.0,0.51603
156500.0,0.23478
156600.0,0.67325
156700.0,0.35156
156800.0,0.75007
156900.0,0.50687
157000.0,0.73019
157100.0,0.52789
157200.0,0.78292
157300.0,0.91045
157400.0,1.0866
157500.0,0.82307
157600.0,0.73288
157700.0,0.69253
157800.0,0.65845
157900.0,0.80035
158000.0,0.3983
158100.0,0.5812
158200.0,0.60774
158300.0,0.72407
158400.0,0.727
158500.0,0.93525
158600.0,0.95238
158700.0,0.58075
158800.0,0.6015
158900.0,0.9078
159000.0,0.62694
159100.0,0.71272
159200.0,0.64988
159300.0,0.88576
159400.0,0.38091
159500.0,0.75823
159600.0,0.70926
159700.0,0.85327
159800.0,0.7184
159900.0,0.49946
160000.0,0.83618
160100.0,0.73964
160200.0,0.88046
160300.0,0.70059
160400.0,0.92178
160500.0,0.57707
160600.0,0.76926
160700.0,0.97801
160800.0,0.77407
160900.0,0.63826
161000.0,0.76128
161100.0,0.58459
161200.0,0.49588
161300.0,0.40062
161400.0,0.56626
161500.0,0.62194
161600.0,0.69303
161700.0,0.76269
161800.0,0.84307
161900.0,0.68302
162000.0,0.86347
162100.0,0.94967
162200.0,0.47433
162300.0,0.65739
162400.0,0.49494
162500.0,0.58281
162600.0,0.66474
162700.0,0.61613
162800.0,0.81782
162900.0,0.59068
163000.0,0.85881
163100.0,0.7923
163200.0,0.58266
163300.0,0.43276
163400.0,0.54908
163500.0,0.61068
163600.0,0.57503
163700.0,0.42526
163800.0,0.67153
163900.0,0.56006
164000.0,0.4001
164100.0,0.44467
164200.0,0.66517
164300.0,0.41204
164400.0,0.38385
164500.0,0.39571
164600.0,0.44859
164700.0,0.43187
164800.0,0.52592
164900.0,0.84739
165000.0,0.49431
165100.0,0.32744
165200.0,0.46493
165300.0,0.39536
165400.0,0.31381
165500.0,0.61653
165600.0,0.53255
165700.0,0.43789
165800.0,0.19441
165900.0,0.50756
166000.0,0.46448
166100.0,0.26365
166200.0,0.6226
166300.0,0.64309
166400.0,0.29203
166500.0,0.29398
166600.0,0.76981
166700.0,0.32271
166800.0,0.61774
166900.0,0.75511
167000.0,0.40183
167100.0,0.38112
167200.0,0.28883
167300.0,0.29217
167400.0,0.22019
167500.0,0.52425
167600.0,0.23065
167700.0,0.46709
167800.0,0.27523
167900.0,0.47734
168000.0,0.40964
168100.0,0.87422
168200.0,0.84264
168300.0,0.17517
168400.0,0.84491
168500.0,0.47056
168600.0,0.38842
168700.0,-0.03591
168800.0,-0.29381
168900.0,0.04605
169000.0,0.19172
169100.0,-0.18907
169200.0,-0.10432
169300.0,-0.07071
169400.0,-0.23899
169500.0,0.1298
169600.0,-0.31615
169700.0,0.03592
169800.0,0.13703
169900.0,0.44734
170000.0,0.2404
170100.0,-0.10697
170200.0,-0.12141
170300.0,-0.44524
170400.0,-0.2025
170500.0,-0.39925
170600.0,0.13045
170700.0,-0.03028
170800.0,0.26475
170900.0,0.00212
171000.0,0.02095
171100.0,0.00235
171200.0,0.23341
171300.0,0.23272
171400.0,-0.12281
171500.0,0.17993
171600.0,0.60271
171700.0,0.15
171800.0,0.07366
171900.0,-0.11967
172000.0,-0.36256
172100.0,-0.30511
172200.0,-0.17644
172300.0,0.17412
172400.0,-0.00356
172500.0,0.08993
172600.0,-0.0491
172700.0,-0.11129
172800.0,-0.27122
172900.0,-0.2405
173000.0,0.13798
173100.0,0.22091
173200.0,-0.01918
173300.0,0.03765
173400.0,0.0401
173500.0,0.14819
173600.0,-0.26794
173700.0,-0.25847
173800.0,0.14148
173900.0,-0.21715
174000.0,0.25362
174100.0,0.03995
174200.0,-0.18761
174300.0,0.12741
174400.0,-0.10579
174500.0,0.1248
174600.0,-0.20349
174700.0,0.18833
174800.0,0.1112
174900.0,-0.18354
175000.0,0.02834
175100.0,-0.25404
175200.0,-0.2473
175300.0,-0.28888
175400.0,-0.06108
175500.0,0.27345
175600.0,-0.31952
175700.0,-0.20975
175800.0,0.04935
175900.0,-0.04614
176000.0,-0.03163
176100.0,-0.00968
176200.0,0.22667
176300.0,-0.26452
176400.0,0.14338
176500.0,0.14568
176600.0,-0.24463
176700.0,-0.20799
176800.0,-0.01927
176900.0,0.03968
177000.0,-0.08484
177100.0,0.14056
177200.0,0.36387
177300.0,0.16047
177400.0,0.21303
177500.0,0.08727
177600.0,0.05873
177700.0,-0.04528
177800.0,0.44116
177900.0,-0.11223
178000.0,-0.08186
178100.0,-0.03398
178200.0,0.16346
178300.0,0.0466
178400.0,-0.05519
178500.0,0.18449
178600.0,-0.38692
178700.0,-0.11398
178800.0,0.21875
178900.0,0.19453
179000.0,-0.00553
179100.0,-0.0123
179200.0,0.28348
179300.0,-0.21366
179400.0,-0.10725
179500.0,0.01545
179600.0,0.30628
179700.0,0.57953
179800.0,-0.01217
179900.0,0.26066
180000.0,0.0246
180100.0,-0.0227
180200.0,0.49499
180300.0,0.19967
180400.0,0.08698
180500.0,0.24899
180600.0,0.23393
180700.0,-0.11602
180800.0,0.15655
180900.0,-0.00521
181000.0,-0.02589
181100.0,0.32368
181200.0,-0.2445
181300.0,0.25584
181400.0,0.37285
181500.0,0.08618
181600.0,-0.13996
181700.0,0.20345
181800.0,0.4285
181900.0,0.30093
182000.0,0.54373
182100.0,0.35836
182200.0,-0.02677
182300.0,0.22853
182400.0,-0.13212
182500.0,0.24759
182600.0,0.32663
182700.0,0.1141
182800.0,0.03714
182900.0,-0.08039
183000.0,0.0435
183100.0,0.18449
183200.0,0.17422
183300.0,0.24212
183400.0,0.17409
183500.0,0.11357
183600.0,0.17552
183700.0,-0.07832
183800.0,0.12072
183900.0,-0.02501
184000.0,0.07415
184100.0,0.00494
184200.0,0.15631
184300.0,0.2218
184400.0,0.12358
184500.0,0.42685
184600.0,0.27902
184700.0,0.12005
184800.0,0.39283
184900.0,0.30672
185000.0,0.10051
185100.0,0.0437
185200.0,0.19133
185300.0,0.20234
185400.0,0.01096
185500.0,0.12099
185600.0,0.36273
185700.0,0.31007
185800.0,0.14793
185900.0,-0.04971
186000.0,0.21064
186100.0,0.17044
186200.0,-0.02069
186300.0,0.10681
186400.0,0.12132
186500.0,-0.04601
186600.0,0.17888
186700.0,0.35822
186800.0,0.09285
186900.0,0.20477
187000.0,0.20164
187100.0,0.125
187200.0,0.20484
187300.0,0.37551
187400.0,0.53494
187500.0,0.04763
187600.0,0.50697
187700.0,0.30225
187800.0,0.18336
187900.0,0.09006
188000.0,-0.00887
188100.0,0.27627
188200.0,0.15842
188300.0,0.23105
188400.0,-0.12484
188500.0,-0.07613
188600.0,0.13943
188700.0,-0.138
188800.0,0.17356
188900.0,0.04289
189000.0,-0.01645
189100.0,-0.00514
189200.0,0.1245
189300.0,-0.37643
189400.0,-0.2773
189500.0,-0.05982
189600.0,0.13226
189700.0,-0.03029
189800.0,-0.27288
189900.0,0.1214
190000.0,-0.0364
190100.0,-0.38133
190200.0,-0.31233
190300.0,-0.35874
190400.0,-0.06029
190500.0,0.01973
190600.0,-0.30994
190700.0,-0.1231
190800.0,0.13118
190900.0,0.20121
191000.0,0.18307
191100.0,0.0002
191200.0,0.14618
191300.0,-0.18553
191400.0,-0.44814
191500.0,-0.18713
191600.0,-0.05571
191700.0,-0.05341
191800.0,-0.30095
191900.0,0.17101
192000.0,0.05945
192100.0,0.13373
192200.0,0.06374
192300.0,0.18933
192400.0,0.07581
192500.0,-0.1564
192600.0,-0.05202
192700.0,-0.19193
192800.0,0.16785
192900.0,0.02341
193000.0,-0.01632
193100.0,0.13142
193200.0,0.27972
193300.0,-0.04815
193400.0,0.33278
193500.0,0.0867
193600.0,0.15895
193700.0,0.03723
193800.0,0.00063
193900.0,-0.47558
194000.0,-0.17236
194100.0,-0.17791
194200.0,-0.00908
194300.0,-0.45336
194400.0,-0.33627
194500.0,0.13217
194600.0,-0.0484
194700.0,-0.02076
194800.0,0.08988
194900.0,0.06584
195000.0,0.13136
195100.0,0.42874
195200.0,0.33847
195300.0,0.58962
195400.0,0.09976
195500.0,-0.05731
195600.0,-0.15921
195700.0,-0.42427
195800.0,-0.16287
195900.0,-0.08724
196000.0,-0.03182
196100.0,-0.47048
196200.0,-0.07356
196300.0,0.17635
196400.0,-0.47563
196500.0,-0.04055
196600.0,-0.44956
196700.0,-0.23173
196800.0,-0.09282
196900.0,-0.19893
197000.0,-0.16233
197100.0,0.09605
197200.0,-0.06984
197300.0,-0.31021
197400.0,0.12603
197500.0,0.06724
197600.0,0.18636
197700.0,0.44678
197800.0,0.2233
197900.0,0.10501
198000.0,-0.37791
198100.0,-0.14484
198200.0,-0.08985
198300.0,0.12818
198400.0,-0.04735
198500.0,-0.51826
198600.0,-0.15058
198700.0,0.05433
198800.0,0.09999
198900.0,0.32719
199000.0,-0.23188
199100.0,-0.30094
199200.0,-0.27697
199300.0,-0.33462
199400.0,-0.16329
199500.0,-0.32337
199600.0,-0.09561
199700.0,-0.29188
199800.0,0.23641
199900.0,-0.30926
200000.0,-0.15115
200100.0,-0.37937
200200.0,0.18828
200300.0,-0.18339
200400.0,-0.15915
200500.0,-0.22065
200600.0,-0.4578
200700.0,-0.42333
200800.0,-0.00884
200900.0,-0.38251
201000.0,-0.14224
201100.0,-0.33691
201200.0,0.16983
201300.0,-0.04789
201400.0,-0.1928
201500.0,-0.39065
201600.0,-0.43786
201700.0,-0.5212
201800.0,-0.29763
201900.0,-0.5876
202000.0,-0.10288
202100.0,-0.01989
202200.0,-0.21204
202300.0,-0.22919
202400.0,0.09375
202500.0,0.37205
202600.0,0.31872
202700.0,-0.31195
202800.0,-0.32549
202900.0,0.2173
203000.0,-0.02997
203100.0,0.30083
203200.0,-0.09252
203300.0,0.09688
203400.0,0.07683
203500.0,-0.15177
203600.0,-0.04055
203700.0,-0.02233
203800.0,0.06645
203900.0,-0.18784
204000.0,0.31281
204100.0,0.09835
204200.0,0.14362
204300.0,-0.29058
204400.0,-0.05137
204500.0,-0.20704
204600.0,-0.14445
204700.0,0.10513
204800.0,0.31418
204900.0,-0.07018
205000.0,-0.33451
205100.0,0.1901
205200.0,-0.09952
205300.0,0.11964
205400.0,-0.21895
205500.0,-0.09345
205600.0,-0.32469
205700.0,-0.21756
205800.0,-0.30727
205900.0,-0.07562
206000.0,0.14444
206100.0,-0.07863
206200.0,-0.03957
206300.0,-0.13184
206400.0,0.04835
206500.0,0.21899
206600.0,-0.12669
206700.0,0.29103
206800.0,0.37674
206900.0,-0.1241
207000.0,0.22174
207100.0,-0.17964
207200.0,0.13208
207300.0,0.07149
207400.0,0.07625
207500.0,-0.02374
207600.0,-0.05289
207700.0,0.32235
207800.0,-0.27739
207900.0,0.19695
208000.0,0.16449
208100.0,0.15415
208200.0,0.12284
208300.0,0.03274
208400.0,0.21305
208500.0,0.54767
208600.0,-0.00793
208700.0,-0.03817
208800.0,0.17474
208900.0,0.26906
209000.0,-0.01884
209100.0,0.25509
209200.0,-0.06161
209300.0,0.0003
209400.0,-0.18206
209500.0,0.09001
209600.0,-0.27261
209700.0,-0.09853
209800.0,-0.05751
209900.0,0.08022
210000.0,-0.30781
210100.0,0.21807
210200.0,-0.29834
210300.0,-0.00147
210400.0,0.13271
210500.0,0.0655
210600.0,0.17193
210700.0,0.3926
210800.0,0.2594
210900.0,0.08132
211000.0,0.32813
211100.0,0.28679
211200.0,-0.04051
211300.0,-0.23518
211400.0,0.26646
211500.0,0.13071
211600.0,0.30757
211700.0,0.38966
211800.0,0.24377
211900.0,0.0376
212000.0,0.1682
212100.0,0.37126
212200.0,-0.07554
212300.0,-0.14251
212400.0,-0.11097
212500.0,-0.22926
212600.0,-0.20907
212700.0,-0.17956
212800.0,-0.09994
212900.0,-0.12942
213000.0,-0.47588
213100.0,-0.77609
213200.0,-0.22935
213300.0,-0.31685
213400.0,0.01335
213500.0,-0.05429
213600.0,-0.00971
213700.0,-0.03492
213800.0,-0.0937
213900.0,0.43977
214000.0,0.02326
214100.0,0.35971
214200.0,-0.06556
214300.0,-0.30065
214400.0,-0.52848
214500.0,-0.41205
214600.0,-0.45925
214700.0,-0.35529
214800.0,-0.37508
214900.0,-0.58136
215000.0,-0.47961
215100.0,-0.46707
215200.0,-0.84253
215300.0,-0.68329
215400.0,-0.36911
215500.0,-0.52131
215600.0,-0.6195
215700.0,-0.64723
215800.0,-0.68008
215900.0,-0.42118
216000.0,-0.18579
216100.0,-0.17011
216200.0,-0.10756
216300.0,-0.35414
216400.0,-0.36736
216500.0,-0.33264
216600.0,-0.39308
216700.0,-0.33683
216800.0,-0.42016
216900.0,-0.35194
217000.0,-0.57535
217100.0,-0.9795
217200.0,-0.45238
217300.0,-0.37116
217400.0,-0.71938
217500.0,-0.55037
217600.0,-0.65677
217700.0,0.01593
217800.0,-0.46564
217900.0,-0.40701
218000.0,-0.40911
218100.0,-0.17792
218200.0,-0.25512
218300.0,-0.67566
218400.0,-0.23264
218500.0,-0.5759
218600.0,-0.04162
218700.0,-0.35465
218800.0,-0.32453
218900.0,-0.87697
219000.0,-0.54355
219100.0,-0.37311
219200.0,-0.60454
219300.0,-0.19486
219400.0,-0.25855
219500.0,-0.10351
219600.0,-0.36197
219700.0,-0.35219
219800.0,-0.27804
219900.0,-0.41595
220000.0,-0.77629
220100.0,-0.28368
220200.0,-0.31583
220300.0,-0.23928
220400.0,-0.69159
220500.0,-0.36799
220600.0,-0.06636
220700.0,-0.2753
220800.0,-0.48754
220900.0,-0.67104
221000.0,-0.53419
221100.0,-0.58195
221200.0,-0.50476
221300.0,-0.71955
221400.0,-0.62988
221500.0,-0.20346
221600.0,-0.04985
221700.0,-0.52608
221800.0,-0.59795
221900.0,-0.58441
222000.0,-0.26124
222100.0,-0.5514
222200.0,-0.39512
222300.0,-0.67005
222400.0,-0.24024
222500.0,-0.32228
222600.0,-0.61026
222700.0,-0.54454
222800.0,-0.26706
222900.0,-0.45054
223000.0,-0.44496
223100.0,-0.51153
223200.0,-0.30499
223300.0,-0.42564
223400.0,-0.42805
223500.0,-0.5202
223600.0,-0.20491
223700.0,-0.23555
223800.0,-0.33508
223900.0,0.02113
224000.0,-0.18419
224100.0,-0.11656
224200.0,-0.08312
224300.0,-0.06646
224400.0,-0.02944
224500.0,0.04751
224600.0,-0.20301
224700.0,0.30897
224800.0,-0.27494
224900.0,-0.16516
225000.0,-0.00693
225100.0,-0.10589
225200.0,-0.13166
225300.0,0.1659
225400.0,-0.38801
225500.0,-0.24024
225600.0,-0.18758
225700.0,0.13898
225800.0,0.24761
225900.0,0.16577
226000.0,0.16305
226100.0,-0.15051
226200.0,-0.31434
226300.0,0.10275
226400.0,-0.3399
226500.0,0.10586
226600.0,-0.01
226700.0,-0.1224
226800.0,-0.14589
226900.0,0.00357
227000.0,-0.46021
227100.0,-0.27822
227200.0,-0.36425
227300.0,-0.06355
227400.0,-0.62995
227500.0,-0.2616
227600.0,-0.26493
227700.0,-0.35619
227800.0,-0.18903
227900.0,-0.72145
228000.0,-0.80859
228100.0,-0.23483
228200.0,-0.26608
228300.0,-0.2053
228400.0,-0.31
228500.0,-0.33873
228600.0,-0.31086
228700.0,-0.47063
228800.0,-0.42935
228900.0,-0.38813
229000.0,-0.42946
229100.0,-0.46966
229200.0,-0.37201
229300.0,-0.21648
229400.0,-0.48009
229500.0,-0.36513
229600.0,-0.2479
229700.0,-0.38838
229800.0,-0.06278
229900.0,-0.44411
230000.0,-0.29547
230100.0,-0.29238
230200.0,-0.36024
230300.0,-0.33098
230400.0,-0.08923
230500.0,-0.21522
230600.0,-0.09521
230700.0,0.02968
230800.0,0.22512
230900.0,-0.07644
231000.0,0.09961
231100.0,-0.17239
231200.0,-0.24425
231300.0,0.07735
231400.0,-0.14891
231500.0,-0.08711
231600.0,-0.47107
231700.0,-0.26974
231800.0,-0.27665
231900.0,-0.32989
232000.0,-0.15803
232100.0,-0.28087
232200.0,-0.26754
232300.0,-0.07725
232400.0,-0.04758
232500.0,0.13552
232600.0,-0.2017
232700.0,0.23264
232800.0,-0.54974
232900.0,-0.3402
233000.0,-0.10722
233100.0,-0.0375
233200.0,-0.20869
233300.0,0.00406
233400.0,-0.04234
233500.0,-0.19794
233600.0,-0.09873
233700.0,0.01881
233800.0,-0.31203
233900.0,-0.15094
234000.0,-0.44703
234100.0,0.03598
234200.0,0.21897
234300.0,-0.14648
234400.0,-0.16658
234500.0,-0.01087
234600.0,-0.08463
234700.0,0.34362
234800.0,-0.02437
234900.0,0.14825
235000.0,0.26195
235100.0,0.15293
235200.0,0.02804
235300.0,-0.09996
235400.0,0.12354
235500.0,0.59916
235600.0,-0.13501
235700.0,0.19391
235800.0,0.12298
235900.0,0.09607
236000.0,0.1795
236100.0,-0.15418
236200.0,-0.14017
236300.0,-0.16276
236400.0,-0.01215
236500.0,0.26503
236600.0,-0.19897
236700.0,-0.18631
236800.0,-0.07807
236900.0,-0.47156
237000.0,-0.65422
237100.0,-0.35153
237200.0,-0.06233
237300.0,-0.3992
237400.0,-0.35671
237500.0,0.01444
237600.0,-0.14697
237700.0,0.02969
237800.0,-0.33405
237900.0,-0.06923
238000.0,-0.25218
238100.0,-0.1808
238200.0,-0.0617
238300.0,0.03459
238400.0,-0.28343
238500.0,-0.31196
238600.0,-0.25486
238700.0,-0.19696
238800.0,-0.14239
238900.0,-0.12922
239000.0,-0.06925
239100.0,-0.18656
239200.0,-0.5419
239300.0,0.25735
239400.0,0.27574
239500.0,-0.21224
239600.0,-0.31392
239700.0,-0.44621
239800.0,-0.11076
239900.0,-0.42108
240000.0,-0.39187
240100.0,-0.52443
240200.0,-0.34238
240300.0,-0.41641
240400.0,-0.3252
240500.0,-0.49208
240600.0,-0.41264
240700.0,-0.14361
240800.0,-0.59091
240900.0,-0.42834
241000.0,-0.18517
241100.0,-0.06758
241200.0,-0.26449
241300.0,-0.49028
241400.0,-0.50571
241500.0,-0.51229
241600.0,-0.64219
241700.0,-0.22446
241800.0,-0.4858
241900.0,-0.20293
242000.0,-0.4449
242100.0,-0.60487
242200.0,-0.44022
242300.0,-0.24159
242400.0,-0.61215
242500.0,-0.3827
242600.0,-0.265
242700.0,0.15897
242800.0,-0.36565
242900.0,-0.58609
243000.0,-0.31327
243100.0,-0.68535
243200.0,-0.39514
243300.0,-0.42044
243400.0,-0.11649
243500.0,-0.37165
243600.0,-0.46279
243700.0,-0.65521
243800.0,-0.63865
243900.0,-0.39293
244000.0,-0.46231
244100.0,-0.67337
244200.0,-0.42576
244300.0,-0.65144
244400.0,-0.56109
244500.0,-0.53921
244600.0,-0.55906
244700.0,-0.39956
244800.0,-0.59283
244900.0,-0.48399
245000.0,-0.74504
245100.0,-0.52797
245200.0,-0.4461
245300.0,-0.50081
245400.0,-0.78733
245500.0,-0.49284
245600.0,-0.31844
245700.0,-0.73853
245800.0,-0.4482
245900.0,-0.21488
246000.0,-0.44738
246100.0,-0.53966
246200.0,-0.19503
246300.0,-0.6011
246400.0,-0.36728
246500.0,-0.45751
246600.0,-0.24626
246700.0,-0.16332
246800.0,-0.29988
246900.0,-0.0792
247000.0,-0.19987
247100.0,0.15493
247200.0,0.24849
247300.0,-0.15317
247400.0,0.10638
247500.0,-0.03613
247600.0,-0.35589
247700.0,-0.3851
247800.0,-0.18338
247900.0,0.1889
248000.0,-0.41067
248100.0,-0.57887
248200.0,-0.05498
248300.0,-0.01732
248400.0,-0.05875
248500.0,-0.17978
248600.0,-0.0183
248700.0,-0.23757
248800.0,-0.06262
248900.0,-0.05141
249000.0,0.03649
249100.0,-0.18397
249200.0,-0.18268
249300.0,-0.23074
249400.0,-0.06731
249500.0,0.08717
249600.0,-0.13518
249700.0,-0.42134
249800.0,-0.25018
249900.0,-0.29997
250000.0,-0.35253
250100.0,-0.21402
250200.0,-0.51444
250300.0,-0.31175
250400.0,-0.14615
250500.0,-0.20191
250600.0,-0.25149
250700.0,-0.08656
250800.0,0.13699
250900.0,-0.28684
251000.0,0.21372
251100.0,-0.09262
251200.0,0.12265
251300.0,-0.05209
251400.0,-0.13471
251500.0,-0.17179
251600.0,-0.14551
251700.0,0.40984
251800.0,0.32033
251900.0,-0.06617
252000.0,-0.20198
252100.0,-0.25025
252200.0,0.24652
252300.0,-0.29496
252400.0,-0.38213
252500.0,-0.43753
252600.0,-0.08908
252700.0,-0.26861
252800.0,-0.10332
252900.0,0.05849
253000.0,-0.12603
253100.0,-0.01484
253200.0,-0.26869
253300.0,-0.27718
253400.0,-0.19944
253500.0,-0.25655
253600.0,-0.39217
253700.0,-0.3925
253800.0,-0.28038
253900.0,-0.32066
254000.0,-0.29978
254100.0,-0.55725
254200.0,-0.29506
254300.0,-0.54599
254400.0,-0.35398
254500.0,-0.64891
254600.0,-0.23491
254700.0,-0.21526
254800.0,-0.39326
254900.0,-0.30167
255000.0,-0.25145
255100.0,-0.19818
255200.0,-0.40554
255300.0,-0.18264
255400.0,-0.24404
255500.0,-0.56895
255600.0,0.00434
255700.0,-0.18237
255800.0,-0.52948
255900.0,-0.42129
256000.0,-0.27966
256100.0,-0.37882
256200.0,-0.78095
256300.0,-0.40174
256400.0,-0.8514
256500.0,-0.42878
256600.0,-0.63777
256700.0,-0.53867
256800.0,-0.25768
256900.0,-0.20649
257000.0,0.00882
257100.0,-0.4272
257200.0,-0.18615
257300.0,-0.51913
257400.0,-0.68531
257500.0,-0.61979
257600.0,-0.57583
257700.0,-0.18633
257800.0,-0.45538
257900.0,-0.73076
258000.0,-0.80176
258100.0,-0.70969
258200.0,-0.52992
258300.0,-0.50245
258400.0,-0.31827
258500.0,-0.29176
258600.0,-0.59091
258700.0,-0.558
258800.0,0.19135
258900.0,-0.53878
259000.0,-0.39137
259100.0,-0.09721
259200.0,-0.62696
259300.0,-0.43512
259400.0,-0.32459
259500.0,-0.50347
259600.0,-0.39555
259700.0,0.03808
259800.0,-0.00661
259900.0,-0.31552
260000.0,-0.17608
260100.0,-0.20317
260200.0,0.00847
260300.0,0.02519
260400.0,-0.09599
260500.0,-0.53504
260600.0,-0.50249
260700.0,-0.32504
260800.0,-0.35702
260900.0,-0.42878
261000.0,-0.4639
261100.0,-0.1197
261200.0,-0.02099
261300.0,-0.22498
261400.0,-0.22477
261500.0,-0.39576
261600.0,-0.5923
261700.0,-0.34643
261800.0,0.15796
261900.0,0.00307
262000.0,-0.06742
262100.0,-0.18993
262200.0,0.19663
262300.0,-0.13477
262400.0,0.19916
262500.0,0.1961
262600.0,-0.1171
262700.0,0.22497
262800.0,0.19873
262900.0,-0.09654
263000.0,-0.06208
263100.0,-0.11009
263200.0,-0.35865
263300.0,-0.31724
263400.0,-0.72549
263500.0,-0.0445
263600.0,-0.19647
263700.0,-0.42068
263800.0,-0.54176
263900.0,-0.17372
264000.0,-0.55803
264100.0,-0.58352
264200.0,-0.6202
264300.0,-0.36568
264400.0,-0.90798
264500.0,-0.71943
264600.0,-0.73045
264700.0,-0.63698
264800.0,-1.1615
264900.0,-0.54784
265000.0,-0.63671
265100.0,-0.52945
265200.0,-0.47421
265300.0,-0.79475
265400.0,-0.58571
265500.0,-0.63208
265600.0,-0.79076
265700.0,-0.21169
265800.0,-0.79753
265900.0,-0.67671
266000.0,-0.39243
266100.0,-0.40097
266200.0,-0.36326
266300.0,-0.25964
266400.0,-0.63277
266500.0,-0.28665
266600.0,-0.6103
266700.0,-0.33181
266800.0,-0.52408
266900.0,-0.59906
267000.0,-0.2566
267100.0,-0.33079
267200.0,-0.39821
267300.0,-0.43361
267400.0,-0.16089
267500.0,-0.15596
267600.0,-0.29541
267700.0,0.02337
267800.0,-0.51767
267900.0,-0.3674
268000.0,-0.22931
268100.0,-0.24035
268200.0,-0.52334
268300.0,-0.43821
268400.0,-0.3607
268500.0,-0.26224
268600.0,-0.41935
268700.0,-0.45608
268800.0,-0.20949
268900.0,-0.48439
269000.0,-0.3812
269100.0,-0.3949
269200.0,-0.05001
269300.0,-0.42824
269400.0,-0.6914
269500.0,-0.42566
269600.0,-0.15003
269700.0,-0.21438
269800.0,-0.37681
269900.0,-0.25464
270000.0,-0.38373
270100.0,-0.64055
270200.0,-0.51803
270300.0,-0.96524
270400.0,-0.85023
270500.0,-0.66928
270600.0,-0.69502
270700.0,-0.63884
270800.0,-0.65902
270900.0,-0.73935
271000.0,-0.59623
271100.0,-0.7313
271200.0,-0.38851
271300.0,-0.62413
271400.0,-0.71148
271500.0,-0.55459
271600.0,-0.52751
271700.0,-0.5284
271800.0,-0.83271
271900.0,-0.725
272000.0,-0.69375
272100.0,-0.77695
272200.0,-0.81866
272300.0,-0.77063
272400.0,-0.53524
272500.0,-0.75184
272600.0,-0.70441
272700.0,-0.85007
272800.0,-0.6395
272900.0,-0.76272
273000.0,-0.73343
273100.0,-0.51965
273200.0,-0.80413
273300.0,-0.52046
273400.0,-0.60866
273500.0,-0.69694
273600.0,-0.83663
273700.0,-0.85353
273800.0,-0.88959
273900.0,-0.73764
274000.0,-0.6901
274100.0,-0.52956
274200.0,-0.82589
274300.0,-0.53534
274400.0,-0.72107
274500.0,-0.8669
274600.0,-0.75505
274700.0,-0.80603
274800.0,-1.03473
274900.0,-0.74057
275000.0,-0.87011
275100.0,-0.5859
275200.0,-0.91447
275300.0,-0.50284
275400.0,-0.78328
275500.0,-0.91396
275600.0,-0.80289
275700.0,-0.75525
275800.0,-0.57366
275900.0,-0.60321
276000.0,-0.92855
276100.0,-1.04031
276200.0,-0.69038
276300.0,-0.66722
276400.0,-0.87464
276500.0,-0.39574
276600.0,-0.69335
276700.0,-0.57037
276800.0,-0.56712
276900.0,-0.46265
277000.0,-0.79958
277100.0,-0.69356
277200.0,-0.72366
277300.0,-0.68344
277400.0,-0.54172
277500.0,-0.4427
277600.0,-0.62989
277700.0,-0.47253
277800.0,-0.42676
277900.0,-0.45424
278000.0,-0.50794
278100.0,-0.388
278200.0,-0.89851
278300.0,-0.86896
278400.0,-0.70248
278500.0,-0.86248
278600.0,-1.03919
278700.0,-0.87534
278800.0,-1.07028
278900.0,-0.87019
279000.0,-0.90164
279100.0,-0.9052
279200.0,-0.8439
279300.0,-0.87235
279400.0,-0.82621
279500.0,-0.62974
279600.0,-0.88712
279700.0,-0.92292
279800.0,-0.95046
279900.0,-0.82352
280000.0,-0.78777
280100.0,-0.92845
280200.0,-1.13806
280300.0,-0.93294
280400.0,-0.47634
280500.0,-0.53277
280600.0,-0.99201
280700.0,-1.02271
280800.0,-0.78633
280900.0,-1.16709
281000.0,-0.80741
281100.0,-0.56668
281200.0,-0.79325
281300.0,-0.63257
281400.0,-0.83218
281500.0,-0.80279
281600.0,-0.48466
281700.0,-0.65295
281800.0,-0.77606
281900.0,-0.85503
282000.0,-0.70849
282100.0,-0.69649
282200.0,-0.58454
282300.0,-0.81719
282400.0,-0.55362
282500.0,-0.81541
282600.0,-0.82435
282700.0,-0.84423
282800.0,-0.8228
282900.0,-0.76901
283000.0,-0.81724
283100.0,-0.77916
283200.0,-0.98646
283300.0,-1.2107
283400.0,-1.16505
283500.0,-0.90106
283600.0,-0.56231
283700.0,-0.58714
283800.0,-0.24084
283900.0,-0.31505
284000.0,-0.64932
284100.0,-0.58913
284200.0,-0.54296
284300.0,-0.54269
284400.0,-0.84927
284500.0,-0.67604
284600.0,-0.41238
284700.0,-0.02137
284800.0,-0.47982
284900.0,-0.87587
285000.0,-0.59596
285100.0,-0.59306
285200.0,-0.80509
285300.0,-0.66082
285400.0,-0.81195
285500.0,-0.85166
285600.0,-0.95343
285700.0,-0.83032
285800.0,-0.83305
285900.0,-0.71135
286000.0,-0.77879
286100.0,-1.08358
286200.0,-0.85712
286300.0,-0.71037
286400.0,-1.00048
286500.0,-0.88622
286600.0,-0.95275
286700.0,-0.87735
286800.0,-0.86074
286900.0,-1.15135
287000.0,-1.12485
287100.0,-0.98707
287200.0,-1.07996
287300.0,-1.15563
287400.0,-0.77785
287500.0,-0.95492
287600.0,-0.8759
287700.0,-0.9929
287800.0,-1.0143
287900.0,-0.96792
288000.0,-0.90072
288100.0,-1.05046
288200.0,-0.76921
288300.0,-0.97153
288400.0,-0.5672
288500.0,-1.03839
288600.0,-0.85375
288700.0,-0.8045
288800.0,-0.80115
288900.0,-0.81453
289000.0,-0.98819
289100.0,-0.96051
289200.0,-0.89808
289300.0,-0.68746
289400.0,-0.75
289500.0,-0.88746
289600.0,-1.04739
289700.0,-0.92774
289800.0,-0.79334
289900.0,-0.96307
290000.0,-0.6509
290100.0,-0.7601
290200.0,-0.57181
290300.0,-0.68971
290400.0,-0.92071
290500.0,-0.90255
290600.0,-0.77716
290700.0,-0.58087
290800.0,-0.73876
290900.0,-0.72245
291000.0,-0.84203
291100.0,-0.72073
291200.0,-0.96013
291300.0,-0.94621
291400.0,-0.75339
291500.0,-0.73073
291600.0,-0.78185
291700.0,-0.96493
291800.0,-1.04101
291900.0,-1.29601
292000.0,-1.26448
292100.0,-0.97179
292200.0,-1.17478
292300.0,-1.00664
292400.0,-1.13446
292500.0,-1.0013
292600.0,-1.31567
292700.0,-1.11543
292800.0,-0.5213
292900.0,-0.93623
293000.0,-0.90024
293100.0,-1.17431
293200.0,-1.04376
293300.0,-1.05778
293400.0,-1.09484
293500.0,-0.80923
293600.0,-0.75955
293700.0,-0.88099
293800.0,-0.85612
293900.0,-1.22509
294000.0,-0.64543
294100.0,-0.86767
294200.0,-0.25513
294300.0,-0.39054
294400.0,-0.78378
294500.0,-0.49271
294600.0,-0.66009
294700.0,-0.57832
294800.0,-0.66763
294900.0,-0.58204
295000.0,-0.37676
295100.0,-1.01948
295200.0,-0.54884
295300.0,-0.6099
295400.0,-0.90111
295500.0,-0.79572
295600.0,-0.55293
295700.0,-0.49817
295800.0,-0.80347
295900.0,-0.54768
296000.0,-0.37605
296100.0,-0.83021
296200.0,-0.67764
296300.0,-1.00264
296400.0,-1.10245
296500.0,-0.7873
296600.0,-0.84069
296700.0,-0.7366
296800.0,-0.9775
296900.0,-0.61939
297000.0,-0.78608
297100.0,-0.70762
297200.0,-0.84384
297300.0,-0.66675
297400.0,-0.86322
297500.0,-0.70067
297600.0,-0.77146
297700.0,-0.86752
297800.0,-0.73622
297900.0,-0.89279
298000.0,-0.71369
298100.0,-0.62437
298200.0,-0.70242
298300.0,-0.60764
298400.0,-0.73204
298500.0,-0.73517
298600.0,-0.8988
298700.0,-0.83551
298800.0,-0.567
298900.0,-0.46408
299000.0,-0.65138
299100.0,-0.68538
299200.0,-0.54995
299300.0,-0.92333
299400.0,-1.06089
299500.0,-0.79671
299600.0,-0.70972
299700.0,-0.87653
299800.0,-0.92946
299900.0,-0.60638
300000.0,-0.6153
300100.0,-0.8194
300200.0,-1.03053
300300.0,-0.72981
300400.0,-0.50207
300500.0,-0.53691
300600.0,-0.31059
300700.0,-0.6762
300800.0,-1.02997
300900.0,-0.72931
301000.0,-0.48826
301100.0,-0.3827
301200.0,-0.50518
301300.0,-0.63161
301400.0,-0.10796
301500.0,-0.78987
301600.0,-0.35018
301700.0,-0.85025
301800.0,-0.66419
301900.0,-0.79149
302000.0,-0.67186
302100.0,-0.87295
302200.0,-0.97762
302300.0,-0.93216
302400.0,-0.66174
302500.0,-0.94703
302600.0,-0.45757
302700.0,-0.59615
302800.0,-0.62186
302900.0,-0.8788
303000.0,-0.79826
303100.0,-0.61115
303200.0,-0.90994
303300.0,-0.95772
303400.0,-0.97959
303500.0,-0.70656
303600.0,-0.84153
303700.0,-0.59796
303800.0,-0.85523
303900.0,-0.67039
304000.0,-0.7694
304100.0,-0.84046
304200.0,-0.65349
304300.0,-0.86739
304400.0,-0.16422
304500.0,-0.60766
304600.0,-0.70324
304700.0,-0.92393
304800.0,-0.84803
304900.0,-0.97831
305000.0,-0.62257
305100.0,-0.80176
305200.0,-0.95501
305300.0,-0.8478
305400.0,-0.79087
305500.0,-1.19508
305600.0,-0.8442
305700.0,-0.50504
305800.0,-0.60066
305900.0,-0.51338
306000.0,-0.85177
306100.0,-0.82417
306200.0,-0.85457
306300.0,-0.79577
306400.0,-0.92974
306500.0,-0.90387
306600.0,-1.09305
306700.0,-0.8035
306800.0,-0.8855
306900.0,-0.92524
307000.0,-1.16464
307100.0,-0.86208
307200.0,-0.75663
307300.0,-1.08741
307400.0,-1.25457
307500.0,-1.17267
307600.0,-0.91447
307700.0,-1.1878
307800.0,-0.90179
307900.0,-1.12075
308000.0,-1.19741
308100.0,-0.89594
308200.0,-0.92737
308300.0,-0.90022
308400.0,-0.97866
308500.0,-0.86006